,value,value,value,value,value,value
,count,mean,median,std,min,max
category,,,,,,
A,4,11.5,11.5,1.2909944487358056,10,13
B,3,15.666666666666666,15.0,2.0816659994661326,14,18
C,3,27.666666666666668,28.0,2.516611478423583,25,30
